ID,여정단계,화면,영역/컴포넌트,위치(파일:라인),문구유형,노출조건/트리거,"현재 문구 (ASIS)
❌ 절대 편집 금지 ❌",동적변수,최종본,비고,"글자수·공간제약
기존 글자수를 유지하는 방향으로",상태
1,0,공통,메타데이터(탭 제목),app/layout.tsx:13,제목,브라우저 탭,감옥 - 디지털 디톡스 타이머,,감옥 - 디지털 디톡스 스페이스,SEO/브랜드 핵심,,
2,0,공통,메타데이터(설명),app/layout.tsx:14,본문/설명,검색엔진,"남들이 딴짓할 때, 우리는 서로를 가두고 집중합니다. 가장 효율적인 디지털 디톡스 타이머.",,"딴짓하는 순간, 당신은 실패입니다. 가장 치열한 집중을 위한 효율적인 디지털 디톡스 타이머.",,,
3,0,공통,메타데이터(탭 제목),app/page.tsx:5,제목,브라우저 탭,감옥 - 함께 만드는 집중 시간,,감옥 - 함께 만드는 집중 공간,,,
4,0,공통,메타데이터(설명),app/page.tsx:6,본문/설명,검색엔진,친구들과 함께 방을 만들어 집중 시간을 관리하고 벌칙으로 자극을 더하세요.,,멤버들과 함께 공간을 만들어 집중 시간에 몰입하고 벌칙으로 동기를 더하세요.,,,
5,0,공통,BackButton,components/layout/BackButton.tsx:20,툴팁,뒤로가기 버튼 aria,뒤로가기,,,접근성 라벨,,
6,0,공통,CloseButton,components/layout/CloseButton.tsx:18,툴팁,닫기 버튼 aria,닫기,,,접근성 라벨,,
7,0,공통,HomeButton,components/layout/HomeButton.tsx:20,툴팁,홈 버튼 aria,홈으로 이동,,,접근성 라벨,,
8,0,공통,RequireAuth,components/auth/RequireAuth.tsx:21,토스트/알림,로그인 필요 기본 메시지,로그인하고 바로 이어가세요.,,로그인이 필요해요.,,,
9,0,공통,ConfirmDialog(기본),components/common/ConfirmDialog.tsx:51,본문/설명,description 미지정 시,선택한 작업을 진행하거나 취소할 수 있는 확인 창입니다.,,,접근성용 기본값,,
10,0,공통,ConfirmDialog(기본),components/common/ConfirmDialog.tsx:64,버튼,cancelText 미지정 시,취소,,,,,
11,0,공통,ConfirmDialog(기본),components/common/ConfirmDialog.tsx:74,버튼,confirmText 미지정 시,확인,,,,,
12,0,공통,ProfileImagePicker,components/common/ProfileImagePicker.tsx:17,라벨,label 미지정 시,프로필 이미지,,,,,
13,0,공통,Loading,components/ui/loading.tsx:40,로딩,Loading 기본값,불러오는 중...,,,전역 로딩 기본 문구,,
14,1,메인,MainPage 슬로건,components/main/MainPage.tsx:114-119,제목,중앙 슬로건,남들이 딴짓할때<br />우리는 서로를 가두고<br />집중한다.,,남들이 딴짓할때<br />우리는 서로를 감시하고<br />집중한다.,줄바꿈 3줄(브랜드 슬로건) · 원본 <br /> 유지,,
15,1,메인,MainPage 뱃지,components/main/MainPage.tsx:123,라벨,슬로건 하단,계약하고 집중하고 벌칙으로 완성한다,,서명하고 집중하고 벌칙으로 마무리한다.,,,
16,1,메인,MainPage 로고,components/main/MainPage.tsx:107,툴팁,로고 alt,감옥,,,이미지 alt,,
17,1,메인,MainPage,components/main/MainPage.tsx:137,버튼,하단 CTA,방 코드로 입장하기,,방 코드로 입장하기,,,
18,1,메인,MainPage,components/main/MainPage.tsx:144,버튼,하단 CTA,방만들기,,방 만들기,띄어쓰기 누락 검토,,
19,1,메인,MainPage,components/main/MainPage.tsx:80,버튼,로그인+회원 시 우상단,마이페이지,,,,,
20,1,메인,MainPage,components/main/MainPage.tsx:89,버튼,로그인+게스트 시 우상단,로그아웃,,,,,
21,1,메인,MainPage,components/main/MainPage.tsx:98,버튼,미로그인 시 우상단,로그인,,,,,
22,1,메인,MainPage,components/main/MainPage.tsx:38,토스트/알림,미로그인 상태 방 만들기 클릭,로그인하고 바로 이어가세요.,,회원만 생성할 수 있어요.,,,
23,1,메인,코드입장 다이얼로그,components/main/MainPage.tsx:153,제목,코드 입력 다이얼로그,방 코드로 입장,,방 코드로 입장,,,
24,1,메인,코드입장 다이얼로그,components/main/MainPage.tsx:155,본문/설명,코드 입력 다이얼로그,초대받은 방 코드를 입력해주세요.,,입장하실 방 코드를 입력해주세요.,,,
25,1,메인,코드입장 다이얼로그,components/main/MainPage.tsx:160,플레이스홀더,코드 입력 필드,방 코드 8자리를 입력해주세요,,코드 8자리를 입력해주세요,(코드 입력 컴포넌트 사용 시 필요 없어짐),,
26,1,메인,코드입장 다이얼로그,components/main/MainPage.tsx:174,버튼,다이얼로그,취소,,취소,,,
27,1,메인,코드입장 다이얼로그,components/main/MainPage.tsx:181,버튼,다이얼로그,입장하기,,입장하기,,,
28,2,로그인,AuthCallbackPage,components/auth/AuthCallbackPage.tsx:26,로딩,OAuth 콜백 초기,로그인 처리 중...,,로그인 처리 중...,,,
29,2,로그인,AuthCallbackPage,components/auth/AuthCallbackPage.tsx:35,에러,토큰 정보 없음,로그인 정보를 확인할 수 없습니다.,,로그인 정보를 확인할 수 없어요.,,,
30,2,로그인,AuthCallbackPage,components/auth/AuthCallbackPage.tsx:61,에러,약관 동의 처리 오류,로그인은 완료되었으나 약관 동의 처리 중 오류가 발생했습니다.,,로그인은 완료되었으나 약관 동의 처리 중 오류가 발생했어요.,,,
31,2,로그인,AuthCallbackPage,components/auth/AuthCallbackPage.tsx:66,제목,헤더,로그인,,로그인,,,
32,2,로그인,GoogleLoginButton,components/auth/GoogleLoginButton.tsx:34,버튼,구글 로그인,구글 계정으로 감옥 입장하기,,구글 계정으로 감옥 입장하기,"컨셉 반영 우수 사례
현재 쓰이지않는 컴포넌트같음",,
33,2,로그인,OAuthMessageHandler,components/auth/OAuthMessageHandler.tsx:84,에러,약관 동의 처리 오류(alert),로그인은 완료되었으나 약관 동의 처리 중 오류가 발생했습니다.,,로그인은 완료되었으나 약관 동의 처리 중 오류가 발생했어요.,,,
34,2,약관동의,TermsPage,components/auth/TermsPage.tsx:109,제목,헤더,약관 동의,,,,,
35,2,약관동의,TermsPage,components/auth/TermsPage.tsx:123-126,본문/설명,안내,서비스 이용을 위해<br />약관에 동의해 주세요.,,서비스 이용을 위해<br />약관에 동의해 주세요.,줄바꿈 2줄 · 원본 <br /> 유지,,
36,2,약관동의,TermsPage,components/auth/TermsPage.tsx:137,라벨,전체동의 체크박스,약관 전체동의,,,,,
37,2,약관동의,TermsPage,components/auth/TermsPage.tsx:149,라벨,체크박스,서비스 이용약관 (필수),,,법적 문구 톤 유지,,
38,2,약관동의,TermsPage,components/auth/TermsPage.tsx:154,툴팁,약관 링크 aria,서비스 이용약관 전문 보기,,,,,
39,2,약관동의,TermsPage,components/auth/TermsPage.tsx:169,라벨,체크박스,개인정보 수집 및 이용동의 (필수),,,법적 문구 톤 유지,,
40,2,약관동의,TermsPage,components/auth/TermsPage.tsx:175,툴팁,개인정보 링크 aria,개인정보 처리방침 전문 보기,,,,,
41,2,약관동의,TermsPage,components/auth/TermsPage.tsx:190,라벨,체크박스,만 14세 이상 확인 (필수),,,법적 문구 톤 유지,,
42,2,약관동의,TermsPage,components/auth/TermsPage.tsx:118,버튼,로딩 중,처리 중...,,처리 중...,,,
43,2,약관동의,TermsPage,components/auth/TermsPage.tsx:118,버튼,기본 상태,Google로 계속하기,,,,,
44,2,약관동의,TermsPage,components/auth/TermsPage.tsx:197,본문/설명,하단 안내,안전한 보안 환경에서 로그인 진행 중,,,보안 안내 톤 유지,,
45,3,방 생성,CreateRoom,components/room/CreateRoom.tsx:201,제목,진입,방 만들기,,방 만들기,,,
46,3,방 생성,CreateRoom,components/room/CreateRoom.tsx:267-270,본문/설명,진입,비밀방을 생성해<br />같이 집중할 멤버를 초대하세요.,,비밀방을 생성해<br />같이 참여할 멤버를 초대하세요.,줄바꿈 2줄 · 원본 <br /> 유지,,
47,3,방 생성,CreateRoom,components/room/CreateRoom.tsx:276,본문/설명,진입,최대 10명까지 입장 가능합니다.,,최대 10명까지 입장 가능해요.,,,
48,3,방 생성,CreateRoom,components/room/CreateRoom.tsx:283,라벨,입력 필드,방 이름,,방 이름,,,
49,3,방 생성,CreateRoom,components/room/CreateRoom.tsx:287,플레이스홀더,입력 필드,방 이름을 입력해주세요,,방 이름을 입력해주세요.,,,
50,3,방 생성,CreateRoom,components/room/CreateRoom.tsx:292-293,라벨,글자수,{roomName.length}/20,{length},,카운터,,
51,3,방 생성,CreateRoom,components/room/CreateRoom.tsx:299,라벨,입력 필드,비밀번호,,비밀번호,,,
52,3,방 생성,CreateRoom,components/room/CreateRoom.tsx:304,플레이스홀더,입력 필드,비밀번호를 입력해주세요,,비밀번호를 입력해주세요.,,,
53,3,방 생성,CreateRoom,components/room/CreateRoom.tsx:314,툴팁,비번 표시 aria,비밀번호 표시,,,,,
54,3,방 생성,CreateRoom,components/room/CreateRoom.tsx:321,유효성,제약 안내,· 비밀번호는 4~12자이어야 합니다.,,· 비밀번호는 4~12자이어야 해요.,,,
55,3,방 생성,CreateRoom,components/room/CreateRoom.tsx:252,버튼,생성 중,생성 중...,,생성 중...,,,
56,3,방 생성,CreateRoom,components/room/CreateRoom.tsx:252,버튼,제출,방 만들기,,방 만들기,,,
57,3,방 생성,CreateRoom(완료),components/room/CreateRoom.tsx:236,제목,생성 완료,방 생성 완료 🎉,,방 생성 완료,,,
58,3,방 생성,CreateRoom(완료),components/room/CreateRoom.tsx:47,본문/설명,생성 완료,방이 성공적으로 생성되었어요!,,(문구 삭제),(문구 삭제),,
59,3,방 생성,CreateRoom(완료),components/room/CreateRoom.tsx:55,라벨,정보 카드,방 이름,,방 이름,,,
60,3,방 생성,CreateRoom(완료),components/room/CreateRoom.tsx:59,라벨,정보 카드,최대 인원,,최대 인원,,,
61,3,방 생성,CreateRoom(완료),components/room/CreateRoom.tsx:60,본문/설명,정보 카드,10명,,,,,
62,3,방 생성,CreateRoom(완료),components/room/CreateRoom.tsx:68,라벨,정보 카드,비밀번호,,비밀번호,,,
63,3,방 생성,CreateRoom(완료),components/room/CreateRoom.tsx:76,라벨,정보 카드,방 코드,,방 코드,,,
64,3,방 생성,CreateRoom(완료),components/room/CreateRoom.tsx:86,라벨,정보 카드,친구 초대 링크,,멤버 초대 링크,,,
65,3,방 생성,CreateRoom(완료),components/room/CreateRoom.tsx:95-96,본문/설명,생성 완료,링크와 비밀번호를 공유하여 <br />같이 집중할 멤버들과 함께 입장해 시작해보세요!,,링크와 비밀번호를 공유하여 <br />멤버들과 함께 집중해보세요!,줄바꿈 2줄 · 원본 <br /> 유지,,
66,3,방 생성,CreateRoom(완료),components/room/CreateRoom.tsx:106,버튼,생성 완료,초대 정보 공유,,방 정보 공유하기,,,
67,3,방 생성,CreateRoom(완료),components/room/CreateRoom.tsx:243,버튼,생성 완료,입장하기,,입장하기,,,
68,3,방 생성,CreateRoom,components/room/CreateRoom.tsx:189,토스트/알림,초대 복사 성공,초대 정보가 복사되었어요,,방 정보가 복사되었어요.,,,
69,3,방 생성,CreateRoom,components/room/CreateRoom.tsx:191,토스트/알림,초대 복사 실패,초대 정보 복사에 실패했습니다.,,방 정보 복사에 실패했어요.,,,
70,3,방 생성,CreateRoom,components/room/CreateRoom.tsx:148,토스트/알림,방 생성 오류(기본값),방 생성 실패,,방 생성 실패,서버 메시지로 대체될 수 있음,,
71,3,방 생성,CreateRoom(게스트),components/room/CreateRoom.tsx:207,본문/설명,게스트 진입,방을 만들려면 로그인이 필요해요.,,로그인 사용자만 생성 가능해요.,,,
72,3,방 생성,CreateRoom(게스트),components/room/CreateRoom.tsx:209-212,본문/설명,게스트 진입,게스트는 방을 만들 수 없어요.<br />회원으로 로그인 후 이용해주세요.,,(문구 삭제),(문구 삭제),,
73,3,방 생성,CreateRoom(게스트),components/room/CreateRoom.tsx:218,버튼,게스트 진입,로그인하기,,로그인하기,,,
74,3,방 생성,CreateRoom(나가기),components/room/CreateRoom.tsx:334-336,확인다이얼로그,완료화면 나가기,지금 나가면 초대 링크를<br />다시 확인할 수 없어요,,(문구 삭제),(문구 삭제),,
75,3,방 생성,CreateRoom(나가기),components/room/CreateRoom.tsx:338,확인다이얼로그,완료화면 나가기 설명,정말 나가시겠습니까?,,(문구 삭제),(문구 삭제),,
76,3,방 생성,CreateRoom(나가기),components/room/CreateRoom.tsx:346,버튼,나가기 다이얼로그,취소,,취소,,,
77,3,방 생성,CreateRoom(나가기),components/room/CreateRoom.tsx:355,버튼,나가기 다이얼로그,나가기,,나가기,용어통일: 나가기/퇴장,,
78,4,방 입장,JoinRoom,components/room/JoinRoom.tsx:149,제목,진입,방 입장하기,,방 입장하기,,,
79,4,방 입장,JoinRoom,components/room/JoinRoom.tsx:154,로딩,방 정보 로딩,방 정보를 불러오는 중...,,방 정보를 불러오는 중...,,,
80,4,방 입장,JoinRoom(계정선택),components/room/JoinRoom.tsx:169,확인다이얼로그,로그인 선택,어떤 계정으로 입장할까요?,,어떤 계정으로 입장할까요?,,,
81,4,방 입장,JoinRoom(계정선택),components/room/JoinRoom.tsx:170-171,확인다이얼로그,로그인 선택 설명,로그인을 하면 집중 기록이 저장돼요.,,로그인을 하면 집중 결과가 저장돼요.,,,
82,4,방 입장,JoinRoom(계정선택),components/room/JoinRoom.tsx:180,버튼,게스트 입장,게스트로 시작,,게스트로 시작하기,,,
83,4,방 입장,JoinRoom(계정선택),components/room/JoinRoom.tsx:186,버튼,구글 로그인,구글 로그인,,,,,
84,4,방 입장,JoinRoom,components/room/JoinRoom.tsx:206,버튼,입장 중,입장 중...,,입장 중...,,,
85,4,방 입장,JoinRoom,components/room/JoinRoom.tsx:206,버튼,제출,입장하기,,입장하기,,,
86,4,방 입장,JoinRoom,components/room/JoinRoom.tsx:213,라벨,입력 필드,내 닉네임,,내 닉네임,,,
87,4,방 입장,JoinRoom,components/room/JoinRoom.tsx:218,플레이스홀더,입력 필드,방에서 사용할 닉네임을 입력해주세요,,방에서 사용할 닉네임을 입력해주세요.,,,
88,4,방 입장,JoinRoom,components/room/JoinRoom.tsx:224,라벨,글자수,{nickname.length}/10,{length},,카운터,,
89,4,방 입장,JoinRoom,components/room/JoinRoom.tsx:237,라벨,입력 필드,방 비밀번호,,방 비밀번호,,,
90,4,방 입장,JoinRoom,components/room/JoinRoom.tsx:242,플레이스홀더,입력 필드,비밀번호를 입력해주세요,,비밀번호를 입력해주세요.,,,
91,4,방 입장,JoinRoom,components/room/JoinRoom.tsx:252,툴팁,비번 표시 aria,비밀번호 표시,,,,,
92,4,방 입장,JoinRoom,components/room/JoinRoom.tsx:259,유효성,제약 안내,· 비밀번호는 4~12자이어야 합니다.,,· 비밀번호는 4~12자이어야 해요.,,,
93,4,방 입장,JoinRoom,components/room/JoinRoom.tsx:114,토스트/알림,입장 오류(기본값),입장 실패,,입장 실패,서버 메시지로 대체될 수 있음,,
94,4,방 입장,JoinRoom,components/room/JoinRoom.tsx:129,토스트/알림,게스트 시작 오류(기본값),게스트 시작 실패,,게스트 시작 실패,서버 메시지로 대체될 수 있음,,
95,4,방 입장,(joined) layout,app/room/[code]/(joined)/layout.tsx:35,토스트/알림,로그인 필요,로그인이 필요해요.,,로그인이 필요해요.,,,
96,5,계약서,ContractForm,components/contract/ContractForm.tsx:220,제목,진입,계약서,,각서,,,
97,5,계약서,ContractForm,components/contract/ContractForm.tsx:279-280,본문/설명,진입,모든 멤버가 서명해야 타이머를 시작할 수 있어요!,,모든 멤버가 서명해야 감금이 시작돼요!,,,
98,5,계약서,ContractForm,components/contract/ContractForm.tsx:292,버튼,상단,나가기,,나가기,용어통일 검토,,
99,5,계약서,ContractForm,components/contract/ContractForm.tsx:301,버튼,미서명 존재 시,강제 시작,,강제 시작,,,
100,5,계약서,ContractForm,components/contract/ContractForm.tsx:313,버튼,시작 중,시작 중...,,시작 중...,,,
101,5,계약서,ContractForm,components/contract/ContractForm.tsx:313,버튼,시작,집중 시작,,감금 시작,,,
102,5,계약서,ContractForm(나가기),components/contract/ContractForm.tsx:166-167,확인다이얼로그,방장 나가기,방장이 나가면 방이 폭파됩니다.\n정말 나가시겠어요?,,방장이 나가면 방이 폭파돼요.\n정말 나가시겠어요?,,,
103,5,계약서,ContractForm(나가기),components/contract/ContractForm.tsx:167,확인다이얼로그,일반 멤버 나가기,정말 방에서 나가시겠어요?,,정말 방에서 나가시겠어요?,,,
104,5,계약서,ContractForm(나가기),components/contract/ContractForm.tsx:168,버튼,나가기 확인,나가기,,나가기,,,
105,5,계약서,ContractForm(강제시작),components/contract/ContractForm.tsx:191,확인다이얼로그,강제 시작,강제로 시작하시겠습니까?,,강제로 시작하시겠어요?,,,
106,5,계약서,ContractForm(강제시작),components/contract/ContractForm.tsx:192,확인다이얼로그,강제 시작 설명,서명하지 않은 유저는 자동으로 강퇴됩니다.,,서명하지 않은 멤버는 자동으로 강퇴돼요.,,,
107,5,계약서,ContractForm(강제시작),components/contract/ContractForm.tsx:193,버튼,강제 시작 확인,시작하기,,시작하기,,,
108,5,계약서,ContractForm(강제시작),components/contract/ContractForm.tsx:194,버튼,강제 시작 취소,아니요,,아니요,,,
109,5,계약서,ContractForm,components/contract/ContractForm.tsx:182,토스트/알림,퇴장 실패,퇴장 처리에 실패했습니다.,,퇴장 처리에 실패했어요.,,,
110,5,계약서,ContractForm,components/contract/ContractForm.tsx:105,토스트/알림,시작 오류(기본값),시작 실패,,시작 실패,서버 메시지로 대체될 수 있음,,
111,5,계약서,ContractForm,components/contract/ContractForm.tsx:118,토스트/알림,강제 시작 오류(기본값),강제 시작 실패,,강제 시작 실패,서버 메시지로 대체될 수 있음,,
112,5,계약서,RoomTitle,components/contract/RoomTitle.tsx:21,상태표시,연결됨,실시간 연결됨,,실시간 연결됨,,,
113,5,계약서,RoomTitle,components/contract/RoomTitle.tsx:21,상태표시,연결 중,연결 시도 중...,,연결 시도 중...,,,
114,5,계약서,RoomTitle,components/contract/RoomTitle.tsx:25,본문/설명,방 코드 표시,방 코드: {code},{code},,,,
115,5,계약서,RoomTitle,components/contract/RoomTitle.tsx:26,본문/설명,안내,함께 규칙을 정하고 서명하세요.,,함께 각서를 쓰고 서명하세요.,,,
116,5,계약서,TimerSettings,components/contract/TimerSettings.tsx:160,제목,섹션,타이머 설정,,시간 설정,,,
117,5,계약서,TimerSettings,components/contract/TimerSettings.tsx:161,본문/설명,제한 안내,최대 10시간,,,,,
118,5,계약서,TimerSettings,components/contract/TimerSettings.tsx:168,라벨,입력,집중 시간 (최대 120분),,집중 시간 (최대 120분),,,
119,5,계약서,TimerSettings,components/contract/TimerSettings.tsx:191,라벨,단위,분,,,단위 일관성,,
120,5,계약서,TimerSettings,components/contract/TimerSettings.tsx:197-199,라벨,입력,휴식 시간 (최대 120분),,휴식 시간 (최대 120분),,,
121,5,계약서,TimerSettings,components/contract/TimerSettings.tsx:227-229,라벨,입력,반복 횟수 (최대 20회),,반복 횟수 (최대 20회),,,
122,5,계약서,TimerSettings,components/contract/TimerSettings.tsx:251,라벨,단위,회,,,단위 일관성,,
123,5,계약서,TimerSettings,components/contract/TimerSettings.tsx:257,라벨,예상시간,총 예상 시간,,진행 예정 시간,,,
124,5,계약서,PenaltyList,components/contract/PenaltyList.tsx:142,제목,섹션,벌칙 목록,,벌칙 목록,,,
125,5,계약서,PenaltyList,components/contract/PenaltyList.tsx:144,본문/설명,섹션 설명,벌칙은 중복될 수 있음,,벌칙은 중복될 수 있어요.,,,
126,5,계약서,PenaltyList,components/contract/PenaltyList.tsx:178,플레이스홀더,벌칙 입력,예: 팔굽혀펴기 10회,,예: 팔굽혀펴기 10회,,,
127,5,계약서,PenaltyList,components/contract/PenaltyList.tsx:188,툴팁,삭제 aria,{i+1}번째 벌칙 삭제,{index},,,,
128,5,계약서,PenaltyList,components/contract/PenaltyList.tsx:209,버튼,벌칙 추가,벌칙 추가,,벌칙 추가,,,
129,5,계약서,TierSettings,components/contract/TierSettings.tsx:209,제목,섹션,벌칙 강도,,벌칙 단계,,,
130,5,계약서,TierSettings,components/contract/TierSettings.tsx:224,결과표시,단계,{tier.tier}단계,{tier},,,,
131,5,계약서,TierSettings,components/contract/TierSettings.tsx:261,라벨,벌칙 수,벌칙,,벌칙,,,
132,5,계약서,TierSettings,components/contract/TierSettings.tsx:269,라벨,단위,개,,,단위 일관성,,
133,5,계약서,TierSettings,components/contract/TierSettings.tsx:275,툴팁,단계 삭제 aria,{tier.tier}단계 벌칙 강도 삭제,{tier},,,,
134,5,계약서,TierSettings,components/contract/TierSettings.tsx:294,유효성,단계 추가 불가,더 이상 추가할 수 없습니다. 입력값을 확인해주세요,,더 이상 추가할 수 없어요. 입력값을 확인해주세요.,,,
135,5,계약서,TierSettings,components/contract/TierSettings.tsx:305,버튼,단계 추가,단계 추가,,단계 추가,,,
136,5,계약서,MemberSignList,components/contract/MemberSignList.tsx:101,라벨,현재 사용자,나,,(나),,,
137,5,계약서,MemberSignList,components/contract/MemberSignList.tsx:103,라벨,방장 표시,(방장),,"(방장)
","로직 구현하여 내가 방장일 때, (나, 방장)",,
138,5,계약서,MemberSignList,components/contract/MemberSignList.tsx:116,버튼,서명한 경우,취소,,취소,,,
139,5,계약서,MemberSignList,components/contract/MemberSignList.tsx:116,버튼,미서명,서명,,서명,,,
140,5,계약서,MemberSignList,components/contract/MemberSignList.tsx:189,툴팁,멤버 옵션 aria,{m.nickname} 멤버 옵션,{nickname},,,,
141,5,계약서,MemberSignList,components/contract/MemberSignList.tsx:199,버튼,멤버 옵션,강제 퇴장,,강제 퇴장,용어통일: 퇴장/강퇴,,
142,5,계약서,MemberSignList(강퇴),components/contract/MemberSignList.tsx:50,확인다이얼로그,강퇴,{nickname} 님을 강제 퇴장 하시겠어요?,{nickname},{nickname} 님을 강제 퇴장시키겠어요?,,,
143,5,계약서,MemberSignList(강퇴),components/contract/MemberSignList.tsx:51,확인다이얼로그,강퇴 설명,강퇴당한 멤버는 재입장이 안됩니다.,,강제 퇴장된 멤버는 재입장이 안돼요.,,,
144,5,계약서,MemberSignList(강퇴),components/contract/MemberSignList.tsx:52,버튼,강퇴 확인,퇴장시키기,,강제 퇴장시키기,,,
145,5,계약서,MemberSignList(강퇴),components/contract/MemberSignList.tsx:53,버튼,강퇴 취소,아니요,,아니요,,,
146,5,계약서,MemberSignList,components/contract/MemberSignList.tsx:212-213,본문/설명,서명 현황,{signedCount} / {memberCount}명 서명 완료,{count},,,,
147,5,계약서,MemberSignList,components/contract/MemberSignList.tsx:215,본문/설명,서명 안내,서명하지 않으면 강퇴되요,,서명하지 않으면 강퇴돼요.,강퇴돼요' 맞춤법 검토,,
148,5,계약서,EditPermissionToggle,components/contract/EditPermissionToggle.tsx:33,제목,섹션,계약서 편집 권한,,각서 편집 권한,,,
149,5,계약서,EditPermissionToggle,components/contract/EditPermissionToggle.tsx:50,본문/설명,권한 상태(방장),방장만 편집 가능,,방장만 편집 가능,,,
150,5,계약서,EditPermissionToggle,components/contract/EditPermissionToggle.tsx:50,본문/설명,권한 상태(전체),모든 멤버가 편집 가능,,모든 멤버가 편집 가능,,,
151,5,계약서,EditPermissionToggle,components/contract/EditPermissionToggle.tsx:53,본문/설명,권한 설명,OFF 시 모든 멤버가 편집할 수 있어요.,,OFF 시 모든 멤버가 편집할 수 있어요.,,,
152,5,계약서,ContractActions,components/contract/ContractActions.tsx:81,버튼,저장,저장,,저장,,,
153,5,계약서,ContractActions,components/contract/ContractActions.tsx:92,버튼,불러오기,불러오기,,불러오기,,,
154,5,계약서,ContractActions,components/contract/ContractActions.tsx:59,토스트/알림,저장 성공,"""{title}"" 저장됨",{title},"""{title}"" 저장 성공",,,
155,5,계약서,ContractActions,components/contract/ContractActions.tsx:61,토스트/알림,저장 실패,저장 실패,,저장 실패,,,
156,5,계약서,SaveContractDialog,components/contract/SaveContractDialog.tsx:74,제목,저장 다이얼로그,계약서 저장,,각서 저장,,,
157,5,계약서,SaveContractDialog,components/contract/SaveContractDialog.tsx:78,플레이스홀더,이름 입력,계약서 이름을 입력해주세요,,각서의 제목을 입력해주세요.,,,
158,5,계약서,SaveContractDialog,components/contract/SaveContractDialog.tsx:90,본문/설명,이름 중복,같은 제목의 저장본이 있어요. 덮어쓰시겠습니까?,,같은 제목의 각서가 있어요. 덮어쓰시겠어요?,,,
159,5,계약서,SaveContractDialog,components/contract/SaveContractDialog.tsx:91,본문/설명,저장 안내,이름을 입력하고 저장하면 새 계약서로 저장되요.,,제목을 입력하고 저장하면 새 각서로 저장돼요.,저장돼요' 맞춤법 검토,,
160,5,계약서,SaveContractDialog,components/contract/SaveContractDialog.tsx:102,버튼,취소,취소,,취소,,,
161,5,계약서,SaveContractDialog,components/contract/SaveContractDialog.tsx:110,버튼,저장 중,저장 중...,,저장 중...,,,
162,5,계약서,SaveContractDialog,components/contract/SaveContractDialog.tsx:110,버튼,덮어쓰기,덮어쓰기,,덮어쓰기,,,
163,5,계약서,SaveContractDialog,components/contract/SaveContractDialog.tsx:110,버튼,저장,저장,,저장,,,
164,5,계약서,LoadContractDialog,components/contract/LoadContractDialog.tsx:155,제목,불러오기 다이얼로그,저장된 계약서 불러오기,,저장된 각서 불러오기,,,
165,5,계약서,LoadContractDialog,components/contract/LoadContractDialog.tsx:157,본문/설명,불러오기 설명,"현재 작성된 내용이 덮어씌워지고,\n다른 멤버에게도 즉시 반영됩니다.",,"현재 작성된 내용이 덮어씌워지고,\n다른 멤버에게도 즉시 반영돼요.",,,
166,5,계약서,LoadContractDialog,components/contract/LoadContractDialog.tsx:161,로딩,목록 로딩,로딩 중...,,로딩 중...,,,
167,5,계약서,LoadContractDialog,components/contract/LoadContractDialog.tsx:165,빈상태,목록 없음,저장된 계약서가 없어요.,,저장된 각서가 없어요.,,,
168,5,계약서,LoadContractDialog,components/contract/LoadContractDialog.tsx:192,본문/설명,미리보기,집중 {focusMin}분 · 휴식 {breakMin}분 · {rounds}회 · 벌칙 {n}개,{values},,,,
169,5,계약서,LoadContractDialog,components/contract/LoadContractDialog.tsx:201,라벨,상세 섹션,벌칙 목록,,벌칙 목록,,,
170,5,계약서,LoadContractDialog,components/contract/LoadContractDialog.tsx:208,툴팁,삭제 aria,{item.title} 삭제,{title},,,,
171,5,계약서,LoadContractDialog,components/contract/LoadContractDialog.tsx:219,빈상태,벌칙 없음,등록된 벌칙이 없어요.,,등록된 벌칙이 없어요.,,,
172,5,계약서,LoadContractDialog,components/contract/LoadContractDialog.tsx:115,확인다이얼로그,삭제,{title}을 삭제하시겠습니까?,{title},{title}을 삭제하시겠어요?,조사 처리(을/를) 검토,,
173,5,계약서,LoadContractDialog,components/contract/LoadContractDialog.tsx:116,버튼,삭제 확인,삭제,,삭제,,,
174,5,계약서,LoadContractDialog,components/contract/LoadContractDialog.tsx:129,토스트/알림,삭제 성공,삭제됨,,삭제 성공,,,
175,5,계약서,LoadContractDialog,components/contract/LoadContractDialog.tsx:131,토스트/알림,삭제 실패,삭제 실패,,삭제 실패,,,
176,5,계약서,LoadContractDialog,components/contract/LoadContractDialog.tsx:242,라벨,옵션 섹션,가져오기 옵션,,가져오기 옵션,,,
177,5,계약서,LoadContractDialog,components/contract/LoadContractDialog.tsx:250,라벨,체크박스,전체 불러오기,,전체 불러오기,,,
178,5,계약서,LoadContractDialog,components/contract/LoadContractDialog.tsx:265,라벨,체크박스,시간 설정 (집중/휴식/반복),,시간 설정 (집중/휴식/반복),,,
179,5,계약서,LoadContractDialog,components/contract/LoadContractDialog.tsx:279,라벨,체크박스,벌칙 강도,,벌칙 단계,,,
180,5,계약서,LoadContractDialog,components/contract/LoadContractDialog.tsx:294,라벨,체크박스,벌칙 목록,,벌칙 목록,,,
181,5,계약서,LoadContractDialog,components/contract/LoadContractDialog.tsx:315,라벨,라디오,기존 삭제 후 적용,,덮어쓰기,,,
182,5,계약서,LoadContractDialog,components/contract/LoadContractDialog.tsx:324,라벨,라디오,기존에 추가,,추가하기,,,
183,5,계약서,LoadContractDialog,components/contract/LoadContractDialog.tsx:341,버튼,취소,취소,,취소,,,
184,5,계약서,LoadContractDialog,components/contract/LoadContractDialog.tsx:349,버튼,불러오기,불러오기,,불러오기,,,
185,5,계약서,LoadContractDialog,components/contract/LoadContractDialog.tsx:104,토스트/알림,옵션 미선택,적용할 항목을 선택해주세요.,,적용할 항목을 선택해주세요.,,,
186,5,계약서,LoadContractDialog,components/contract/LoadContractDialog.tsx:110,토스트/알림,불러오기 성공,"""{selected.title}"" 불러왔어요.",{title},"""{selected.title}""을(를) 불러왔어요.",,,
187,6,타이머,Timer,components/timer/Timer.tsx:279,로딩,세션 로딩,로딩 중...,,수감 준비 중...,,,
188,6,타이머,Timer,components/timer/Timer.tsx:286,상태표시,집중 구간 헤더,집중 시간,,집중 시간,,,
189,6,타이머,Timer,components/timer/Timer.tsx:287,상태표시,휴식 구간 헤더,휴식 시간,,휴식 시간,,,
190,6,타이머,Timer(원형),components/timer/Timer.tsx:287,상태표시,집중 구간,집중 중,,집중 중,,,
191,6,타이머,Timer(원형),components/timer/Timer.tsx:287,상태표시,휴식 구간,휴식 중,,휴식 중,,,
192,6,타이머,Timer,components/timer/Timer.tsx:304,버튼,하단,중도 포기,,탈옥하기,,,
193,6,타이머,Timer,components/timer/Timer.tsx:57,토스트/알림,이미 포기한 세션 접근,이미 중도 포기한 세션입니다.,,이미 탈옥한 방이예요.,,,
194,6,타이머,Timer,components/timer/Timer.tsx:136,토스트/알림,중도 포기 성공,중도 포기 처리되었습니다.,,탈옥했어요.,,,
195,6,타이머,Timer,components/timer/Timer.tsx:151,토스트/알림,중도 포기 실패,중도 포기 처리에 실패했습니다.,,탈옥에 실패했어요.,,,
196,6,타이머,Timer,components/timer/Timer.tsx:245,토스트/알림,집중 중 화면 이탈,화면을 이탈했습니다! 벌칙 시간이 누적됩니다.,,방을 이탈했어요! 이탈 시간이 누적돼요.,핵심 이탈 경고,,
197,6,타이머,Timer(포기모달),components/timer/Timer.tsx:309-312,확인다이얼로그,중도 포기 모달,포기하면 남은 시간이<br />모두 이탈 시간으로 처리돼요.,,탈옥하시겠어요?,줄바꿈 2줄 · 원본 <br /> 유지,,
198,6,타이머,Timer(포기모달),components/timer/Timer.tsx:315,본문/설명,중도 포기 모달,가장 많은 벌칙을 받게 됩니다.,,탈옥하면 남은 시간이<br />모두 이탈 시간으로 처리돼요.,줄바꿈 확인,,
199,6,타이머,Timer(포기모달),components/timer/Timer.tsx:325,버튼,포기 처리 중,처리 중...,,탈옥 하는 중...,,,
200,6,타이머,Timer(포기모달),components/timer/Timer.tsx:325,버튼,포기 확인,포기하기,,탈옥하기,,,
201,6,타이머,Timer(포기모달),components/timer/Timer.tsx:333,버튼,포기 취소,취소,,취소,,,
202,6,타이머,Timer,components/timer/Timer.tsx:362-365,본문/설명,WakeLock 미지원,현재 기기에서 화면 꺼짐 방지가 지원되지 않습니다.<br />원활한 집중을 위해 기기의 <b>자동 화면 꺼짐 시간</b>을 늘려주세요.,,현재 기기에서 화면 꺼짐 방지가 지원되지 않아요.<br />원활한 집중을 위해 기기의 <b>자동 화면 꺼짐 시간</b>을 늘려주세요.,줄바꿈 2줄 · 원본 <br /> + <b> 볼드 태그 유지,,
203,6,타이머,Timer,components/timer/Timer.tsx:373,라벨,휴식 구간,총 이탈 시간,,총 이탈 시간,,,
204,6,타이머,Timer,components/timer/Timer.tsx:392,본문/설명,휴식 구간 안내,시작 1분 전에 알림이 갑니다.,,시작 1분 전에 알림이 울려요.,,,
205,6,타이머,TimerProgressBar,components/ui/timerprogressbar.tsx:109,라벨,진행바 범례,집중,,집중,,,
206,6,타이머,TimerProgressBar,components/ui/timerprogressbar.tsx:110,라벨,진행바 범례,휴식,,휴식,,,
207,6,타이머,TimerProgressBar,components/ui/timerprogressbar.tsx:112,본문/설명,세션 정보,{currentSession}/{totalSessions} 세션,{values},,,,
208,7,중간결과,SemiResult,components/room/SemiResult.tsx:106,제목,헤더,결과,,수감 결과,,,
209,7,중간결과,SemiResult,components/room/SemiResult.tsx:122,로딩,조건 확인 중,확인 중...,,확인 중...,,,
210,7,중간결과,SemiResult,components/room/SemiResult.tsx:124,버튼,남은 스핀 있음,룰렛 돌리기,,벌칙 룰렛 돌리기,,,
211,7,중간결과,SemiResult,components/room/SemiResult.tsx:125,버튼,남은 스핀 없음,다음,,다음,,,
212,7,중간결과,SemiResult,components/room/SemiResult.tsx:137,로딩,결과 로딩,결과를 불러오는 중...,,수감 결과를 불러오는 중...,,,
213,7,중간결과,SemiResult,components/room/SemiResult.tsx:142,에러,로딩 실패,결과를 불러오지 못했습니다.,,수감 결과를 불러오지 못했어요.,,,
214,7,중간결과,SemiResult,components/room/SemiResult.tsx:150-156,제목,이탈자 없음,이탈 유저가 아무도 없어요!,,탈옥한 수감자가 아무도 없어요!,,,
215,7,중간결과,SemiResult,components/room/SemiResult.tsx:150-156,본문/설명,이탈자 없음,오늘 집중력은 최고네요.,,오늘 집중력은 최고네요.,,,
216,7,중간결과,SemiResult,components/room/SemiResult.tsx:160-166,제목,이탈자 있음,집중시간이 종료되었습니다.,,수감 시간이 종료되었어요.,,,
217,7,중간결과,SemiResult,components/room/SemiResult.tsx:160-166,본문/설명,이탈자 있음,결과를 확인해 주세요.,,수감 결과를 확인해 주세요.,,,
218,7,중간결과,SemiResult,components/room/SemiResult.tsx:173,라벨,통계,총 진행 시간,,총 수감 시간,,,
219,7,중간결과,SemiResult,components/room/SemiResult.tsx:179,라벨,통계,완료한 반복,,완료한 반복 횟수,,,
220,7,중간결과,SemiResult,components/room/SemiResult.tsx:185,라벨,통계,벌칙 수행자,,벌칙 대상자,,,
221,7,중간결과,SemiResult,components/room/SemiResult.tsx:194,라벨,이탈자 없음 헤더,참여 멤버,,참여 수감자,,,
222,7,중간결과,SemiResult,components/room/SemiResult.tsx:194,라벨,이탈자 있음 헤더,이탈 시간 순위,,이탈 시간 순위,,,
223,7,중간결과,SemiResult,components/room/SemiResult.tsx:240,라벨,방장,(방장),,(방장),"내가 방장일 경우 (나, 방장)",,
224,7,중간결과,SemiResult,components/room/SemiResult.tsx:241,라벨,본인,(나),,(나),,,
225,7,중간결과,SemiResult,components/room/SemiResult.tsx:246,배지,중도 포기 멤버,중도 포기,,탈옥,,,
226,7,중간결과,SemiResult,components/room/SemiResult.tsx:255,본문/설명,벌칙 있음,벌칙 {totalCount}개,{count},,,,
227,8,룰렛,Roulette,components/room/Roulette.tsx:469,제목,헤더,벌칙 룰렛,,벌칙 룰렛,,,
228,8,룰렛,Roulette,components/room/Roulette.tsx:477,툴팁,나가기 aria,룰렛 나가기,,,,,
229,8,룰렛,Roulette,components/room/Roulette.tsx:491,로딩,데이터 로딩,룰렛 준비 중...,,벌칙 룰렛 준비 중...,,,
230,8,룰렛,Roulette,components/room/Roulette.tsx:493,결과표시,타임아웃 자동추첨,자동으로 뽑는중... ({remain}/{total}),{count},자동으로 결정 중... ({remain}/{total}),,,
231,8,룰렛,Roulette,components/room/Roulette.tsx:495,로딩,서버 결과 대기,당첨 벌칙 확인 중...,,결정된 벌칙 확인 중...,,,
232,8,룰렛,Roulette,components/room/Roulette.tsx:497,로딩,휠 회전 중,룰렛 돌리는 중...,,벌칙 결정 중...,,,
233,8,룰렛,Roulette,components/room/Roulette.tsx:500,버튼,중도포기 룰렛 완료,홈 화면으로 이동,,홈으로 이동,,,
234,8,룰렛,Roulette,components/room/Roulette.tsx:502,버튼,혼자인 멤버,결과 확인하기,,수감 결과 확인하기,,,
235,8,룰렛,Roulette,components/room/Roulette.tsx:503,버튼,여러 멤버,다른 멤버 벌칙 보기,,다른 수감자 벌칙 보기,,,
236,8,룰렛,Roulette,components/room/Roulette.tsx:504,버튼,스핀 시작,룰렛 돌리기 ({remain}/{total}),{count},벌칙 룰렛 돌리기 ({remain}/{total}),,,
237,8,룰렛,Roulette,components/room/Roulette.tsx:515,본문/설명,추첨 완료,벌칙을 다 뽑았어요,,벌칙을 다 뽑았어요.,,,
238,8,룰렛,Roulette,components/room/Roulette.tsx:519,본문/설명,타임아웃 자동추첨,시간 초과되어 자동으로 벌칙을 뽑습니다,,시간이 초과되어 벌칙이 자동으로 결정돼요.,,,
239,8,룰렛,Roulette,components/room/Roulette.tsx:523,라벨,타이머,남은 시간,,남은 시간,,,
240,8,룰렛,Roulette,components/room/Roulette.tsx:532,제목,룰렛 카드,오늘의 벌칙 뽑기,,오늘의 벌칙 뽑기,,,
241,8,룰렛,custom-roulette,components/ui/custom-roulette.tsx:101,결과표시,휠 중앙,감옥,,감옥,브랜드 노출 포인트,,
242,8,룰렛,Roulette,components/room/Roulette.tsx:542,에러,목록 로딩 실패,룰렛 목록을 불러오지 못했습니다.,,벌칙 목록을 찾지 못했어요.,,,
243,8,룰렛,Roulette,components/room/Roulette.tsx:548,에러,벌칙 목록 없음,룰렛에 사용할 벌칙 목록이 없습니다.,,벌칙 룰렛에 사용할 목록이 없어요.,,,
244,8,룰렛,Roulette,components/room/Roulette.tsx:553,에러,내 정보 없음,내 룰렛 정보를 찾을 수 없습니다.,,벌칙 룰렛 정보를 찾을 수 없어요.,,,
245,8,룰렛,Roulette,components/room/Roulette.tsx:558,에러,당첨 벌칙 불일치,서버에서 받은 당첨 벌칙이 룰렛 목록에 없습니다.,,,개발자성 메시지 순화 필요,,
246,8,룰렛,Roulette,components/room/Roulette.tsx:368,에러,결과 없음,룰렛 결과를 찾을 수 없습니다.,,벌칙 룰렛 결과를 찾을 수 없어요.,,,
247,8,룰렛,Roulette,components/room/Roulette.tsx:391,에러,실행 실패,룰렛 실행에 실패했습니다.,,벌칙 룰렛 결정에 실패했어요.,,,
248,8,룰렛,Roulette,components/room/Roulette.tsx:279,토스트/알림,중도포기 벌칙 없음,뽑을 벌칙이 없어요,,받을 벌칙이 없어요.,,,
249,8,룰렛,Roulette,components/room/Roulette.tsx:436,토스트/알림,타임아웃,시간이 초과되었습니다,,시간이 초과됐어요.,,,
250,8,룰렛,Roulette,components/room/Roulette.tsx:569,라벨,선택 벌칙 섹션,선택된 벌칙,,결정된 벌칙,,,
251,8,룰렛,Roulette(나가기),components/room/Roulette.tsx:589,확인다이얼로그,스핀 남음,룰렛 횟수가 아직 남았어요.,,결정할 벌칙이 아직 남았어요.,,,
252,8,룰렛,Roulette(나가기),components/room/Roulette.tsx:590,확인다이얼로그,나가기 설명,벌칙이 자동으로 결정돼요.,,벌칙이 자동으로 결정돼요.,,,
253,8,룰렛,Roulette(나가기),components/room/Roulette.tsx:599,버튼,취소,취소,,취소,,,
254,8,룰렛,Roulette(나가기),components/room/Roulette.tsx:607,버튼,나가기 처리 중,처리 중...,,처리 중...,,,
255,8,룰렛,Roulette(나가기),components/room/Roulette.tsx:607,버튼,나가기,나가기,,나가기,,,
256,9,통합결과,TotalResult,components/room/TotalResult.tsx:220,제목,헤더,통합 결과,,수감 결과,,,
257,9,통합결과,TotalResult,components/room/TotalResult.tsx:266,로딩,로딩,통합 결과를 불러오는 중...,,수감 결과 불러오는 중...,,,
258,9,통합결과,TotalResult,components/room/TotalResult.tsx:271,에러,로딩 실패,통합 결과를 불러오지 못했습니다.,,수감 결과를 불러오지 못했어요.,,,
259,9,통합결과,TotalResult,components/room/TotalResult.tsx:281,제목,완료 헤딩,모두 고생했어요!,,모두 고생했어요!,,,
260,9,통합결과,TotalResult,components/room/TotalResult.tsx:284,본문/설명,완료 부제,약속한 집중 시간을 완료했어요.,,약속한 수감 시간을 완료했어요.,,,
261,9,통합결과,TotalResult,components/room/TotalResult.tsx:290,라벨,통계,총 진행 시간,,총 수감 시간,수감시간 중 집중한 시간의 통계라 수정 필요해보입니다,,
262,9,통합결과,TotalResult,components/room/TotalResult.tsx:296,라벨,통계,완료한 반복,,완료한 반복 횟수,,,
263,9,통합결과,TotalResult,components/room/TotalResult.tsx:302,라벨,통계,벌칙 수행자,,벌칙 대상자,,,
264,9,통합결과,TotalResult,components/room/TotalResult.tsx:306,결과표시,벌칙 수행자 수,{penaltyMemberCount}명,{count},,,,
265,9,통합결과,TotalResult,components/room/TotalResult.tsx:313,라벨,순위 섹션,이탈 시간 순위,,이탈 시간 순위,,,
266,9,통합결과,TotalResult,components/room/TotalResult.tsx:357,배지,중도포기 멤버,중도 포기,,탈옥,,,
267,9,통합결과,TotalResult,components/room/TotalResult.tsx:374,라벨,섹션,멤버별 벌칙 결과,,수감자 별 벌칙 결과,,,
268,9,통합결과,TotalResult,components/room/TotalResult.tsx:430,결과표시,룰렛 진행 중,벌칙 뽑는 중,,벌칙 결정 중,,,
269,9,통합결과,TotalResult,components/room/TotalResult.tsx:431,결과표시,벌칙 수,벌칙 {totalCount}개,{count},,,,
270,9,통합결과,TotalResult,components/room/TotalResult.tsx:446,본문/설명,룰렛 진행 중,벌칙을 뽑고 있어요.,,벌칙을 결정하고 있어요.,,,
271,9,통합결과,TotalResult,components/room/TotalResult.tsx:467,빈상태,벌칙 멤버 없음,벌칙 결과가 없어요.,,벌칙 결과가 없어요.,,,
272,9,통합결과,TotalResult,components/room/TotalResult.tsx:233,버튼,계약서 보기,계약서 보기,,각서 확인하기,,,
273,9,통합결과,TotalResult,components/room/TotalResult.tsx:242,버튼,공유,공유하기,,수감 결과 공유하기,,,
274,9,통합결과,TotalResult,components/room/TotalResult.tsx:250,버튼,회원,마이페이지,,마이페이지,,,
275,9,통합결과,TotalResult,components/room/TotalResult.tsx:250,버튼,게스트,홈 화면으로 이동,,홈으로 이동,,,
276,9,통합결과,TotalResult,components/room/TotalResult.tsx:210,토스트/알림,URL 복사 성공,URL이 복사되었어요.,,방 주소가 복사되었어요.,,,
277,9,통합결과,TotalResult,components/room/TotalResult.tsx:212,토스트/알림,URL 복사 실패,URL 복사에 실패했습니다.,,방 주소 복사에 실패했어요.,,,
278,9,통합결과,TotalResult(계약서),components/room/TotalResult.tsx:496,제목,계약서 다이얼로그,{roomTitle}의 계약서,{roomTitle},{roomTitle}의 각서,,,
279,9,통합결과,TotalResult(계약서),components/room/TotalResult.tsx:499,본문/설명,계약서 설명(sr-only),"완료된 집중 세션에서 사용한 계약서의 타이머, 벌칙 목록, 벌칙 강도 설정을 확인할 수 있습니다.",,,접근성 전용,,
280,9,통합결과,TotalResult(계약서),components/room/TotalResult.tsx:507,라벨,섹션,타이머,,시간 설정,,,
281,9,통합결과,TotalResult(계약서),components/room/TotalResult.tsx:510,라벨,항목,집중 시간,,집중 시간,,,
282,9,통합결과,TotalResult(계약서),components/room/TotalResult.tsx:516,라벨,항목,휴식 시간,,휴식 시간,,,
283,9,통합결과,TotalResult(계약서),components/room/TotalResult.tsx:522,라벨,항목,반복 횟수,,반복 횟수,,,
284,9,통합결과,TotalResult(계약서),components/room/TotalResult.tsx:531,라벨,섹션,벌칙 목록,,벌칙 목록,,,
285,9,통합결과,TotalResult(계약서),components/room/TotalResult.tsx:545,빈상태,벌칙 없음,벌칙 목록이 없습니다.,,벌칙 목록이 없어요.,,,
286,9,통합결과,TotalResult(계약서),components/room/TotalResult.tsx:552,라벨,섹션,벌칙 강도,,벌칙 단계,,,
287,9,통합결과,TotalResult(계약서),components/room/TotalResult.tsx:574,빈상태,강도 없음,벌칙 강도 설정이 없습니다.,,벌칙 단계가 설정되지 않았어요.,,,
288,10,마이페이지,MyPage,app/mypage/page.tsx:172,제목,헤더,마이 페이지,,마이 페이지,,,
289,10,마이페이지,MyPage,components/mypage/MyPage.tsx:225,버튼,메인 링크,새로운 방 만들기,,새로운 방 만들기,,,
290,10,마이페이지,MyPage,components/mypage/MyPage.tsx:143,라벨,통계,참여한 방,,참여한 방,,,
291,10,마이페이지,MyPage,components/mypage/MyPage.tsx:149,라벨,통계,총 집중 시간,,총 집중 시간,,,
292,10,마이페이지,MyPage,components/mypage/MyPage.tsx:154,라벨,통계,총 이탈 시간,,총 이탈 시간,,,
293,10,마이페이지,MyPage,components/mypage/MyPage.tsx:258,제목,섹션,최근 참여 기록,,최근 참여 기록,,,
294,10,마이페이지,MyPage,components/mypage/MyPage.tsx:265,버튼,링크,전체 보기,,전체 보기,,,
295,10,마이페이지,MyPage,components/mypage/MyPage.tsx:274,빈상태,기록 없음,최근 참여 기록이 없습니다.,,최근 참여 기록이 없어요.,,,
296,10,마이페이지,MyPage(로그아웃),components/mypage/MyPage.tsx:283,제목,로그아웃 확인,로그아웃 하시겠어요?,,로그아웃 하시겠어요?,,,
297,10,마이페이지,MyPage(로그아웃),components/mypage/MyPage.tsx:285,본문/설명,로그아웃 확인,로그아웃하면 다시 로그인해야 합니다.,,(문구 제거),(문구 제거),,
298,10,마이페이지,MyPage(로그아웃),components/mypage/MyPage.tsx:294,버튼,로그아웃 취소,아니요,,아니요,,,
299,10,마이페이지,MyPage(로그아웃),components/mypage/MyPage.tsx:303,버튼,로그아웃 확인,네,,네,,,
300,10,마이페이지,MyPage,components/mypage/MyPage.tsx:78,에러,프로필 로드 실패,내 정보를 불러오지 못했습니다.,,정보를 불러오지 못했어요.,,,
301,10,마이페이지,MyPage,components/mypage/MyPage.tsx:100,에러,통계 로드 실패,마이페이지 정보를 불러오지 못했습니다.,,통계 정보를 불러오지 못했어요.,,,
302,10,마이페이지,MyPageSettings,components/mypage/MyPageSettings.tsx:33,버튼,설정 메뉴,프로필 수정,,프로필 수정,,,
303,10,마이페이지,MyPageSettings,components/mypage/MyPageSettings.tsx:44,버튼,설정 메뉴,로그아웃,,로그아웃,,,
304,11,프로필 수정,MyPageEdit,app/mypage/edit/page.tsx,제목,헤더,프로필 수정,,프로필 수정,,,
305,11,프로필 수정,MyPageEdit,components/mypage/MyPageEdit.tsx:164,버튼,헤더,회원 탈퇴,,회원 탈퇴,,,
306,11,프로필 수정,MyPageEdit,components/mypage/MyPageEdit.tsx:164,버튼,탈퇴 중,탈퇴 중...,,탈퇴 중...,,,
307,11,프로필 수정,MyPageEdit,components/mypage/MyPageEdit.tsx:175,버튼,CTA,저장하기,,저장하기,,,
308,11,프로필 수정,MyPageEdit,components/mypage/MyPageEdit.tsx:175,버튼,저장 중,저장 중...,,저장 중...,,,
309,11,프로필 수정,MyPageEdit,components/mypage/MyPageEdit.tsx:182,라벨,입력,내 닉네임,,내 닉네임,,,
310,11,프로필 수정,MyPageEdit,components/mypage/MyPageEdit.tsx:186,플레이스홀더,입력,닉네임을 입력해주세요,,새로운 닉네임을 입력해주세요.,,,
311,11,프로필 수정,MyPageEdit,components/mypage/MyPageEdit.tsx:194,유효성,최소 길이 미만,닉네임은 {MIN}자 이상 입력해주세요.,{min},닉네임은 {MIN}자 이상 입력해주세요.,,,
312,11,프로필 수정,MyPageEdit,components/mypage/MyPageEdit.tsx:206,본문/설명,이미지 선택,원하는 이미지를 선택해주세요.,,원하는 이미지를 선택해주세요.,,,
313,11,프로필 수정,MyPageEdit,components/mypage/MyPageEdit.tsx:115,토스트/알림,저장 성공,프로필이 저장되었습니다.,,프로필이 저장되었어요.,,,
314,11,프로필 수정,MyPageEdit,components/mypage/MyPageEdit.tsx:68,에러,프로필 로드 실패,프로필을 불러오지 못했습니다.,,프로필을 불러오지 못했어요.,,,
315,11,프로필 수정,MyPageEdit,components/mypage/MyPageEdit.tsx:80,에러,로드 실패 기본,불러오기에 실패했습니다.,,불러오기에 실패했어요.,,,
316,11,프로필 수정,MyPageEdit,components/mypage/MyPageEdit.tsx:139,에러,탈퇴 실패,회원 탈퇴에 실패했습니다.,,회원 탈퇴에 실패했어요.,,,
317,11,프로필 수정,MyPageEdit(탈퇴),components/mypage/MyPageEdit.tsx:220-221,제목,탈퇴 확인,회원 탈퇴하면 <br /> 집중했던 데이터가 사라집니다.,,회원 탈퇴하면 <br /> 데이터가 사라져요.,줄바꿈 2줄 · 원본 <br /> 유지,,
318,11,프로필 수정,MyPageEdit(탈퇴),components/mypage/MyPageEdit.tsx:223,본문/설명,탈퇴 확인,정말로 탈퇴하시겠어요?,,정말로 탈퇴하시겠어요?,,,
319,11,프로필 수정,MyPageEdit(탈퇴),components/mypage/MyPageEdit.tsx:231,버튼,탈퇴 확인,탈퇴,,탈퇴,,,
320,11,프로필 수정,MyPageEdit(탈퇴),components/mypage/MyPageEdit.tsx:231,버튼,탈퇴 진행,탈퇴 중...,,탈퇴 중...,,,
321,11,프로필 수정,MyPageEdit(탈퇴),components/mypage/MyPageEdit.tsx:239,버튼,탈퇴 취소,아니요,,아니요,,,
322,12,기록,MyPageHistory,components/mypage/MyPageHistory.tsx:107,제목,헤더,내 참여 기록,,전체 참여 기록,,,
323,12,기록,MyPageHistory,components/mypage/MyPageHistory.tsx:118,빈상태,기록 없음,참여 기록이 없습니다.,,참여 기록이 없어요.,,,
324,12,기록,MyPageHistory,components/mypage/MyPageHistory.tsx:118,로딩,초기 로딩,불러오는 중...,,불러오는 중...,,,
325,12,기록,MyPageHistory,components/mypage/MyPageHistory.tsx:58,에러,초기 로드 실패,참여 기록을 불러오지 못했습니다.,,불러오지 못했어요.,,,
326,12,기록,MyPageHistory,components/mypage/MyPageHistory.tsx:55,에러,추가 로드 실패,추가 기록을 불러오지 못했습니다.,,불러오지 못했어요.,,,
327,12,기록,MyPageHistory,components/mypage/MyPageHistory.tsx:132,버튼,재시도,다시 시도,,재시도 하기,,,
328,12,기록,MyPageHistoryList,components/mypage/MyPageHistoryList.tsx:73,본문/설명,참여자 수,참여 {memberCount}명,{count},,,,
329,12,기록,MyPageHistoryList,components/mypage/MyPageHistoryList.tsx:75,본문/설명,이탈 시간,내 이탈 {duration},{duration},,,,
330,13,서비스약관,LegalDocument,components/auth/LegalDocument.tsx:20,본문/설명,개정일,최종 개정일: {updatedAt},{date},,,,
331,13,서비스약관,termsContent,lib/termsContent.ts:17,제목,문서 제목,서비스 이용약관,,,법률 문서 톤 유지,,
332,13,서비스약관,termsContent,lib/termsContent.ts:20,제목,섹션,제1조 (목적),,,,,
333,13,서비스약관,termsContent,lib/termsContent.ts:26,제목,섹션,제2조 (정의),,,,,
334,13,서비스약관,termsContent,lib/termsContent.ts:34,제목,섹션,제3조 (약관의 효력 및 변경),,,,,
335,13,서비스약관,termsContent,lib/termsContent.ts:41,제목,섹션,제4조 (이용자의 의무),,,,,
336,13,개인정보,termsContent,lib/termsContent.ts:51,제목,문서 제목,개인정보 처리방침,,,법률 문서 톤 유지,,
337,13,개인정보,termsContent,lib/termsContent.ts:55,제목,섹션,1. 수집하는 개인정보 항목,,,,,
338,13,개인정보,termsContent,lib/termsContent.ts:63,제목,섹션,2. 개인정보의 수집 및 이용 목적,,,,,
339,13,개인정보,termsContent,lib/termsContent.ts:69,제목,섹션,3. 개인정보의 보유 및 이용 기간,,,,,
340,13,개인정보,termsContent,lib/termsContent.ts:76,제목,섹션,4. 개인정보의 파기,,,,,
341,99,개발용(룰렛),dev/roulette,app/dev/roulette/page.tsx:89,제목,개발 플레이그라운드,벌칙 룰렛 [테스트],,,개발용 화면(프로덕션 제외 검토),,
342,0,공통(PWA),manifest,app/manifest.ts:5,제목,앱 설치 이름,감옥 - 디지털 디톡스 타이머,,감옥 - 디지털 디톡스 스페이스,PWA name(브랜드),,
343,0,공통(PWA),manifest,app/manifest.ts:6,제목,앱 아이콘 이름,감옥,,감옥,PWA short_name(브랜드),,
344,0,공통(PWA),manifest,app/manifest.ts:7,본문/설명,앱 설명,"남들이 딴짓할 때, 우리는 서로를 가두고 집중한다.",,"딴짓하는 순간, 당신은 실패입니다. 가장 치열한 집중을 위한 효율적인 디지털 디톡스 타이머.",PWA description,,
345,4,방 입장,page metadata,app/room/[code]/page.tsx:11,제목,방 공유/탭 제목,방 입장하기 - {code} | 감옥,{code},방 입장하기 - {code} | 감옥,OG+탭 공유(11·14 동일),,
346,4,방 입장,page metadata,app/room/[code]/page.tsx:12,본문/설명,방 공유 설명,초대받은 방에 입장해서 함께 집중해보세요!,,초대받은 방에서 함께 집중해보세요!,12·15 동일,,
347,9,통합결과,page metadata,app/room/[code]/total-result/page.tsx:11,제목,결과 공유/탭 제목,통합 결과 - {code} | 감옥,{code},통합 결과 - {code} | 감옥,11·14 동일,,
348,9,통합결과,page metadata,app/room/[code]/total-result/page.tsx:12,본문/설명,결과 공유 설명,집중 세션 결과를 확인해보세요!,,수감 결과를 확인해보세요!,12·15 동일,,
349,9,통합결과(OG이미지),opengraph-image,app/room/[code]/total-result/opengraph-image.tsx:3,제목,공유 이미지 alt,통합 결과 | 감옥,,수감 결과 | 감옥,카톡/SNS 공유 미리보기,,
350,9,통합결과(OG이미지),opengraph-image,app/room/[code]/total-result/opengraph-image.tsx:72,제목,공유 이미지 제목,[{roomTitle}] 통합 결과,{roomTitle},[{roomTitle}] 수감 결과,,,
351,9,통합결과(OG이미지),opengraph-image,app/room/[code]/total-result/opengraph-image.tsx:72,제목,제목 폴백(방제목 없음),모두 고생했어요!,,모두 고생했어요!,화면과 동일 문구,,
352,9,통합결과(OG이미지),opengraph-image,app/room/[code]/total-result/opengraph-image.tsx:75,본문/설명,무이탈,이탈 유저가 아무도 없어요! 최고네요.,,이탈한 수감자가 아무도 없네요! 최고에요!,화면(중간결과)은 2문장 분리 → 표현 통일 검토,,
353,9,통합결과(OG이미지),opengraph-image,app/room/[code]/total-result/opengraph-image.tsx:75,본문/설명,기본,약속한 집중 시간을 완료했어요.,,약속한 수감 시간을 완료했어요.,,,
354,9,통합결과(OG이미지),opengraph-image,app/room/[code]/total-result/opengraph-image.tsx:93,라벨,요약,총 진행 시간,,총 수감 기간,화면과 동일,,
355,9,통합결과(OG이미지),opengraph-image,app/room/[code]/total-result/opengraph-image.tsx:98,라벨,요약,완료한 반복,,완료한 반복 횟수,,,
356,9,통합결과(OG이미지),opengraph-image,app/room/[code]/total-result/opengraph-image.tsx:103,라벨,요약,벌칙 수행자,,벌칙 대상자,,,
357,9,통합결과(OG이미지),opengraph-image,app/room/[code]/total-result/opengraph-image.tsx:104,결과표시,수행자 수,{penaltyCount}명,{count},,,,
358,9,통합결과(OG이미지),opengraph-image,app/room/[code]/total-result/opengraph-image.tsx:134,결과표시,포기자 표시,(포기),,(탈옥),화면은 '중도 포기' 배지 → 표현 통일 검토,,
359,9,통합결과(OG이미지),opengraph-image,app/room/[code]/total-result/opengraph-image.tsx:138,결과표시,벌칙 수,벌칙 {n}개,{count},,,,
360,4,방 입장,RoomLoading,components/room/RoomLoading.tsx:11,제목,로딩 기본 제목,방 입장하기,,방 입장하기,기본 prop(호출부 override 가능),,
361,4,방 입장,RoomLoading,components/room/RoomLoading.tsx:12,로딩,로딩 기본 메시지,방 정보를 불러오는 중...,,방 정보 불러오는 중...,기본 prop,,
362,4,방 입장,RoomNotFound,components/room/RoomNotFound.tsx:17,제목,404 헤더,방 입장하기,,방 입장하기,,,
363,4,방 입장,RoomNotFound,components/room/RoomNotFound.tsx:18,본문/설명,방 없음,존재하지 않거나 종료된 방이에요.,,존재하지 않거나 종료된 방이에요.,에러 상태(중요),,
364,4,방 입장,RoomNotFound,components/room/RoomNotFound.tsx:19,본문/설명,방 없음 안내,방 코드를 다시 확인해주세요.,,방 코드를 다시 확인해주세요.,,,
365,4,방 입장,RoomNotFound,components/room/RoomNotFound.tsx:42,버튼,홈 이동,홈으로,,홈으로 이동,,,
366,4,방 입장,SessionRestorer,components/room/SessionRestorer.tsx:76,확인다이얼로그,세션 복귀,진행 중인 집중 세션이 있습니다.,,수감 중인 방이 있어요.,재진입 복귀 안내,,
367,4,방 입장,SessionRestorer,components/room/SessionRestorer.tsx:77,확인다이얼로그,세션 복귀 설명,[{activeRoom.title}] 방으로 복귀하시겠습니까?,{title},[{activeRoom.title}] 방으로 복귀하시겠어요?,,,
368,4,방 입장,SessionRestorer,components/room/SessionRestorer.tsx:78,버튼,복귀,복귀하기,,(제거됨),제거,,
369,4,방 입장,SessionRestorer,components/room/SessionRestorer.tsx:79,버튼,무시,무시하기,,(제거됨),제거,,
370,5,공통(소켓),SocketContext,contexts/SocketContext.tsx:69,토스트/알림,방 미참여,방에 참여하지 않으셨습니다.,,방에 참여하지 않았어요.,소켓 에러(여러 화면 공유),,
371,5,공통(소켓),SocketContext,contexts/SocketContext.tsx:72,토스트/알림,이미 집중 단계,이미 집중 페이즈입니다.,,이미 진행 중인 방이예요.,페이즈' 외래어 순화 검토,,
372,5,공통(소켓),SocketContext,contexts/SocketContext.tsx:76,토스트/알림,종료된 방,이미 종료된 방입니다.,,이미 종료된 방이예요.,,,
373,5,공통(소켓),SocketContext,contexts/SocketContext.tsx:80,토스트/알림,중복 접속,다른 곳에서 접속했습니다.,,다른 환경에서의 로그인이 감지되었어요.,,,
374,5,공통(소켓),SocketContext,contexts/SocketContext.tsx:88,토스트/알림,방 종료(서버 사유 우선),방이 종료되었습니다.,{reason},방이 종료되었어요.,서버 reason 있으면 그 문구 우선 노출,,
375,5,공통(소켓),SocketContext,contexts/SocketContext.tsx:118,토스트/알림,강퇴,방장에 의해 강퇴되었습니다.,,방장에 의해 강퇴되었어요.,,,
376,0,공통,format(시간단위),lib/format.ts:9-11,결과표시,모든 소요시간 표기,{h}시간 {m}분 {s}초,{h/m/s},,formatDuration — 전 화면 공유 단위(시간/분/초),,